DESCRIPTION,,
DTaP,,
Hep A  adult,,
Hep A  ped/adol  2 dose,,"DTaP is a vaccine that helps children younger than age 7 develop immunity to three deadly diseases caused by bacteria: diphtheria, tetanus, and whooping cough"
Hep B  adolescent or pediatric,,
Hep B  adult,,
Hib (PRP-OMP),,
HPV  quadrivalent,,
Influenza  seasonal  injectable  preservative free,,
IPV,,
meningococcal MCV4P,,
MMR,,
Pneumococcal conjugate PCV 13,,
pneumococcal polysaccharide vaccine  23 valent,,
rotavirus  monovalent,,
Td (adult) preservative free,,
Tdap,,
varicella,,
zoster,,
